input Image, Name
Te-glTr_0000.jpg,23.png
Te-glTr_0001.jpg,03.png
Te-glTr_0002.jpg,06.png
Te-glTr_0003.jpg,24.png
Te-glTr_0004.jpg,11.png
Te-glTr_0005.jpg,24.png
Te-glTr_0006.jpg,18.png
Te-glTr_0007.jpg,18.png
Te-glTr_0008.jpg,23.png
Te-glTr_0009.jpg,01.png
Te-gl_0010.jpg,22.png
Te-gl_0011.jpg,23.png
Te-gl_0012.jpg,17.png
Te-gl_0013.jpg,11.png
Te-gl_0014.jpg,11.png
Te-gl_0015.jpg,16.png
Te-gl_0016.jpg,04.png
Te-gl_0017.jpg,18.png
Te-gl_0018.jpg,23.png
Te-gl_0019.jpg,24.png
Te-gl_0020.jpg,12.png
Te-gl_0021.jpg,13.png
Te-gl_0022.jpg,04.png
Te-gl_0023.jpg,05.png
Te-gl_0024.jpg,24.png
Te-gl_0025.jpg,25.png
Te-gl_0026.jpg,16.png
Te-gl_0027.jpg,25.png
Te-gl_0028.jpg,18.png
Te-gl_0029.jpg,19.png
Te-gl_0030.jpg,03.png
Te-gl_0031.jpg,24.png
Te-gl_0032.jpg,19.png
Te-gl_0033.jpg,01.png
Te-gl_0034.jpg,18.png
Te-gl_0035.jpg,20.png
Te-gl_0036.jpg,14.png
Te-gl_0037.jpg,05.png
Te-gl_0038.jpg,12.png
Te-gl_0039.jpg,09.png
Te-gl_0040.jpg,08.png
Te-gl_0041.jpg,15.png
Te-gl_0042.jpg,03.png
Te-gl_0043.jpg,21.png
Te-gl_0044.jpg,21.png
Te-gl_0045.jpg,07.png
Te-gl_0046.jpg,25.png
Te-gl_0047.jpg,13.png
Te-gl_0048.jpg,23.png
Te-gl_0049.jpg,15.png
Te-gl_0050.jpg,08.png
Te-gl_0051.jpg,01.png
Te-gl_0052.jpg,07.png
Te-gl_0053.jpg,02.png
Te-gl_0054.jpg,04.png
Te-gl_0055.jpg,14.png
Te-gl_0056.jpg,10.png
Te-gl_0057.jpg,06.png
Te-gl_0058.jpg,10.png
Te-gl_0059.jpg,19.png
Te-gl_0060.jpg,11.png
Te-gl_0061.jpg,21.png
Te-gl_0062.jpg,18.png
Te-gl_0063.jpg,15.png
Te-gl_0064.jpg,01.png
Te-gl_0065.jpg,16.png
Te-gl_0066.jpg,23.png
Te-gl_0067.jpg,15.png
Te-gl_0068.jpg,24.png
Te-gl_0069.jpg,12.png
Te-gl_0070.jpg,02.png
Te-gl_0071.jpg,25.png
Te-gl_0072.jpg,16.png
Te-gl_0073.jpg,15.png
Te-gl_0074.jpg,16.png
Te-gl_0075.jpg,12.png
Te-gl_0076.jpg,22.png
Te-gl_0077.jpg,19.png
Te-gl_0078.jpg,20.png
Te-gl_0079.jpg,15.png
Te-gl_0080.jpg,14.png
Te-gl_0081.jpg,22.png
Te-gl_0082.jpg,10.png
Te-gl_0083.jpg,01.png
Te-gl_0084.jpg,22.png
Te-gl_0085.jpg,18.png
Te-gl_0086.jpg,24.png
Te-gl_0087.jpg,09.png
Te-gl_0088.jpg,17.png
Te-gl_0089.jpg,19.png
Te-gl_0090.jpg,12.png
Te-gl_0091.jpg,12.png
Te-gl_0092.jpg,17.png
Te-gl_0093.jpg,10.png
Te-gl_0094.jpg,15.png
Te-gl_0095.jpg,15.png
Te-gl_0096.jpg,24.png
Te-gl_0097.jpg,24.png
Te-gl_0098.jpg,11.png
Te-gl_0099.jpg,04.png
Te-gl_0100.jpg,10.png
Te-gl_0101.jpg,17.png
Te-gl_0102.jpg,02.png
Te-gl_0103.jpg,24.png
Te-gl_0104.jpg,04.png
Te-gl_0105.jpg,19.png
Te-gl_0106.jpg,15.png
Te-gl_0107.jpg,11.png
Te-gl_0108.jpg,17.png
Te-gl_0109.jpg,18.png
Te-gl_0110.jpg,20.png
Te-gl_0111.jpg,03.png
Te-gl_0112.jpg,12.png
Te-gl_0113.jpg,19.png
Te-gl_0114.jpg,07.png
Te-gl_0115.jpg,03.png
Te-gl_0116.jpg,02.png
Te-gl_0117.jpg,10.png
Te-gl_0118.jpg,11.png
Te-gl_0119.jpg,25.png
Te-gl_0120.jpg,21.png
Te-gl_0121.jpg,19.png
Te-gl_0122.jpg,24.png
Te-gl_0123.jpg,13.png
Te-gl_0124.jpg,11.png
Te-gl_0125.jpg,10.png
Te-gl_0126.jpg,07.png
Te-gl_0127.jpg,20.png
Te-gl_0128.jpg,07.png
Te-gl_0129.jpg,14.png
Te-gl_0130.jpg,17.png
Te-gl_0131.jpg,24.png
Te-gl_0132.jpg,10.png
Te-gl_0133.jpg,22.png
Te-gl_0134.jpg,14.png
Te-gl_0135.jpg,07.png
Te-gl_0136.jpg,02.png
Te-gl_0137.jpg,24.png
Te-gl_0138.jpg,04.png
Te-gl_0139.jpg,02.png
Te-gl_0140.jpg,02.png
Te-gl_0141.jpg,14.png
Te-gl_0142.jpg,15.png
Te-gl_0143.jpg,07.png
Te-gl_0144.jpg,17.png
Te-gl_0145.jpg,19.png
Te-gl_0146.jpg,10.png
Te-gl_0147.jpg,12.png
Te-gl_0148.jpg,06.png
Te-gl_0149.jpg,07.png
Te-gl_0150.jpg,08.png
Te-gl_0151.jpg,07.png
Te-gl_0152.jpg,02.png
Te-gl_0153.jpg,14.png
Te-gl_0154.jpg,01.png
Te-gl_0155.jpg,17.png
Te-gl_0156.jpg,15.png
Te-gl_0157.jpg,06.png
Te-gl_0158.jpg,15.png
Te-gl_0159.jpg,20.png
Te-gl_0160.jpg,25.png
Te-gl_0161.jpg,07.png
Te-gl_0162.jpg,14.png
Te-gl_0163.jpg,25.png
Te-gl_0164.jpg,06.png
Te-gl_0165.jpg,13.png
Te-gl_0166.jpg,05.png
Te-gl_0167.jpg,14.png
Te-gl_0168.jpg,15.png
Te-gl_0169.jpg,16.png
Te-gl_0170.jpg,08.png
Te-gl_0171.jpg,13.png
Te-gl_0172.jpg,05.png
Te-gl_0173.jpg,07.png
Te-gl_0174.jpg,22.png
Te-gl_0175.jpg,13.png
Te-gl_0176.jpg,19.png
Te-gl_0177.jpg,22.png
Te-gl_0178.jpg,22.png
Te-gl_0179.jpg,25.png
Te-gl_0180.jpg,25.png
Te-gl_0181.jpg,20.png
Te-gl_0182.jpg,14.png
Te-gl_0183.jpg,17.png
Te-gl_0184.jpg,11.png
Te-gl_0185.jpg,07.png
Te-gl_0186.jpg,14.png
Te-gl_0187.jpg,10.png
Te-gl_0188.jpg,13.png
Te-gl_0189.jpg,02.png
Te-gl_0190.jpg,08.png
Te-gl_0191.jpg,02.png
Te-gl_0192.jpg,21.png
Te-gl_0193.jpg,09.png
Te-gl_0194.jpg,12.png
Te-gl_0195.jpg,23.png
Te-gl_0196.jpg,24.png
Te-gl_0197.jpg,10.png
Te-gl_0198.jpg,11.png
Te-gl_0199.jpg,20.png
Te-gl_0200.jpg,14.png
Te-gl_0201.jpg,22.png
Te-gl_0202.jpg,02.png
Te-gl_0203.jpg,15.png
Te-gl_0204.jpg,05.png
Te-gl_0205.jpg,06.png
Te-gl_0206.jpg,18.png
Te-gl_0207.jpg,07.png
Te-gl_0208.jpg,12.png
Te-gl_0209.jpg,11.png
Te-gl_0210.jpg,05.png
Te-gl_0211.jpg,16.png
Te-gl_0212.jpg,04.png
Te-gl_0213.jpg,12.png
Te-gl_0214.jpg,23.png
Te-gl_0215.jpg,23.png
Te-gl_0216.jpg,15.png
Te-gl_0217.jpg,15.png
Te-gl_0218.jpg,23.png
Te-gl_0219.jpg,02.png
Te-gl_0220.jpg,02.png
Te-gl_0221.jpg,18.png
Te-gl_0222.jpg,12.png
Te-gl_0223.jpg,12.png
Te-gl_0224.jpg,18.png
Te-gl_0225.jpg,22.png
Te-gl_0226.jpg,01.png
Te-gl_0227.jpg,07.png
Te-gl_0228.jpg,16.png
Te-gl_0229.jpg,14.png
Te-gl_0230.jpg,05.png
Te-gl_0231.jpg,18.png
Te-gl_0232.jpg,15.png
Te-gl_0233.jpg,03.png
Te-gl_0234.jpg,24.png
Te-gl_0235.jpg,08.png
Te-gl_0236.jpg,19.png
Te-gl_0237.jpg,06.png
Te-gl_0238.jpg,19.png
Te-gl_0239.jpg,08.png
Te-gl_0240.jpg,12.png
Te-gl_0241.jpg,10.png
Te-gl_0242.jpg,15.png
Te-gl_0243.jpg,08.png
Te-gl_0244.jpg,10.png
Te-gl_0245.jpg,21.png
Te-gl_0246.jpg,14.png
Te-gl_0247.jpg,12.png
Te-gl_0248.jpg,07.png
Te-gl_0249.jpg,08.png
Te-gl_0250.jpg,11.png
Te-gl_0251.jpg,17.png
Te-gl_0252.jpg,16.png
Te-gl_0253.jpg,21.png
Te-gl_0254.jpg,21.png
Te-gl_0255.jpg,13.png
Te-gl_0256.jpg,01.png
Te-gl_0257.jpg,04.png
Te-gl_0258.jpg,20.png
Te-gl_0259.jpg,06.png
Te-gl_0260.jpg,01.png
Te-gl_0261.jpg,14.png
Te-gl_0262.jpg,06.png
Te-gl_0263.jpg,10.png
Te-gl_0264.jpg,16.png
Te-gl_0265.jpg,22.png
Te-gl_0266.jpg,13.png
Te-gl_0267.jpg,06.png
Te-gl_0268.jpg,25.png
Te-gl_0269.jpg,10.png
Te-gl_0270.jpg,18.png
Te-gl_0271.jpg,18.png
Te-gl_0272.jpg,07.png
Te-gl_0273.jpg,24.png
Te-gl_0274.jpg,22.png
Te-gl_0275.jpg,13.png
Te-gl_0276.jpg,24.png
Te-gl_0277.jpg,20.png
Te-gl_0278.jpg,19.png
Te-gl_0279.jpg,06.png
Te-gl_0280.jpg,03.png
Te-gl_0281.jpg,23.png
Te-gl_0282.jpg,03.png
Te-gl_0283.jpg,23.png
Te-gl_0284.jpg,14.png
Te-gl_0285.jpg,17.png
Te-gl_0286.jpg,09.png
Te-gl_0287.jpg,18.png
Te-gl_0288.jpg,02.png
Te-gl_0289.jpg,04.png
Te-gl_0290.jpg,18.png
Te-gl_0291.jpg,19.png
Te-gl_0292.jpg,13.png
Te-gl_0293.jpg,10.png
Te-gl_0294.jpg,18.png
Te-gl_0295.jpg,10.png
Te-gl_0296.jpg,09.png
Te-gl_0297.jpg,03.png
Te-gl_0298.jpg,10.png
Te-gl_0299.jpg,19.png
Te-meTr_0000.jpg,20.png
Te-meTr_0001.jpg,06.png
Te-meTr_0002.jpg,16.png
Te-meTr_0003.jpg,12.png
Te-meTr_0004.jpg,11.png
Te-meTr_0005.jpg,20.png
Te-meTr_0006.jpg,01.png
Te-meTr_0007.jpg,24.png
Te-meTr_0008.jpg,13.png
Te-meTr_0009.jpg,19.png
Te-me_0010.jpg,04.png
Te-me_0011.jpg,23.png
Te-me_0012.jpg,02.png
Te-me_0013.jpg,11.png
Te-me_0014.jpg,17.png
Te-me_0015.jpg,18.png
Te-me_0016.jpg,05.png
Te-me_0017.jpg,09.png
Te-me_0018.jpg,12.png
Te-me_0019.jpg,24.png
Te-me_0020.jpg,02.png
Te-me_0021.jpg,12.png
Te-me_0022.jpg,02.png
Te-me_0023.jpg,15.png
Te-me_0024.jpg,15.png
Te-me_0025.jpg,21.png
Te-me_0026.jpg,15.png
Te-me_0027.jpg,13.png
Te-me_0028.jpg,17.png
Te-me_0029.jpg,21.png
Te-me_0030.jpg,18.png
Te-me_0031.jpg,08.png
Te-me_0032.jpg,01.png
Te-me_0033.jpg,15.png
Te-me_0034.jpg,18.png
Te-me_0035.jpg,03.png
Te-me_0036.jpg,05.png
Te-me_0037.jpg,02.png
Te-me_0038.jpg,01.png
Te-me_0039.jpg,06.png
Te-me_0040.jpg,16.png
Te-me_0041.jpg,06.png
Te-me_0042.jpg,24.png
Te-me_0043.jpg,07.png
Te-me_0044.jpg,24.png
Te-me_0045.jpg,03.png
Te-me_0046.jpg,03.png
Te-me_0047.jpg,05.png
Te-me_0048.jpg,18.png
Te-me_0049.jpg,16.png
Te-me_0050.jpg,20.png
Te-me_0051.jpg,07.png
Te-me_0052.jpg,03.png
Te-me_0053.jpg,25.png
Te-me_0054.jpg,10.png
Te-me_0055.jpg,12.png
Te-me_0056.jpg,25.png
Te-me_0057.jpg,20.png
Te-me_0058.jpg,09.png
Te-me_0059.jpg,10.png
Te-me_0060.jpg,07.png
Te-me_0061.jpg,18.png
Te-me_0062.jpg,06.png
Te-me_0063.jpg,08.png
Te-me_0064.jpg,18.png
Te-me_0065.jpg,07.png
Te-me_0066.jpg,24.png
Te-me_0067.jpg,01.png
Te-me_0068.jpg,16.png
Te-me_0069.jpg,02.png
Te-me_0070.jpg,09.png
Te-me_0071.jpg,22.png
Te-me_0072.jpg,05.png
Te-me_0073.jpg,19.png
Te-me_0074.jpg,16.png
Te-me_0075.jpg,11.png
Te-me_0076.jpg,01.png
Te-me_0077.jpg,24.png
Te-me_0078.jpg,17.png
Te-me_0079.jpg,18.png
Te-me_0080.jpg,08.png
Te-me_0081.jpg,07.png
Te-me_0082.jpg,13.png
Te-me_0083.jpg,20.png
Te-me_0084.jpg,25.png
Te-me_0085.jpg,12.png
Te-me_0086.jpg,02.png
Te-me_0087.jpg,11.png
Te-me_0088.jpg,09.png
Te-me_0089.jpg,25.png
Te-me_0090.jpg,02.png
Te-me_0091.jpg,03.png
Te-me_0092.jpg,18.png
Te-me_0093.jpg,19.png
Te-me_0094.jpg,09.png
Te-me_0095.jpg,01.png
Te-me_0096.jpg,04.png
Te-me_0097.jpg,21.png
Te-me_0098.jpg,02.png
Te-me_0099.jpg,01.png
Te-me_0100.jpg,14.png
Te-me_0101.jpg,11.png
Te-me_0102.jpg,19.png
Te-me_0103.jpg,08.png
Te-me_0104.jpg,04.png
Te-me_0105.jpg,07.png
Te-me_0106.jpg,12.png
Te-me_0107.jpg,23.png
Te-me_0108.jpg,15.png
Te-me_0109.jpg,10.png
Te-me_0110.jpg,16.png
Te-me_0111.jpg,02.png
Te-me_0112.jpg,24.png
Te-me_0113.jpg,07.png
Te-me_0114.jpg,08.png
Te-me_0115.jpg,19.png
Te-me_0116.jpg,25.png
Te-me_0117.jpg,24.png
Te-me_0118.jpg,03.png
Te-me_0119.jpg,25.png
Te-me_0120.jpg,23.png
Te-me_0121.jpg,10.png
Te-me_0122.jpg,05.png
Te-me_0123.jpg,21.png
Te-me_0124.jpg,10.png
Te-me_0125.jpg,09.png
Te-me_0126.jpg,21.png
Te-me_0127.jpg,14.png
Te-me_0128.jpg,15.png
Te-me_0129.jpg,09.png
Te-me_0130.jpg,18.png
Te-me_0131.jpg,06.png
Te-me_0132.jpg,24.png
Te-me_0133.jpg,17.png
Te-me_0134.jpg,10.png
Te-me_0135.jpg,04.png
Te-me_0136.jpg,12.png
Te-me_0137.jpg,17.png
Te-me_0138.jpg,18.png
Te-me_0139.jpg,23.png
Te-me_0140.jpg,03.png
Te-me_0141.jpg,15.png
Te-me_0142.jpg,06.png
Te-me_0143.jpg,02.png
Te-me_0144.jpg,22.png
Te-me_0145.jpg,06.png
Te-me_0146.jpg,20.png
Te-me_0147.jpg,17.png
Te-me_0148.jpg,10.png
Te-me_0149.jpg,10.png
Te-me_0150.jpg,08.png
Te-me_0151.jpg,16.png
Te-me_0152.jpg,13.png
Te-me_0153.jpg,14.png
Te-me_0154.jpg,16.png
Te-me_0155.jpg,11.png
Te-me_0156.jpg,22.png
Te-me_0157.jpg,17.png
Te-me_0158.jpg,12.png
Te-me_0159.jpg,09.png
Te-me_0160.jpg,11.png
Te-me_0161.jpg,21.png
Te-me_0162.jpg,11.png
Te-me_0163.jpg,12.png
Te-me_0164.jpg,06.png
Te-me_0165.jpg,15.png
Te-me_0166.jpg,20.png
Te-me_0167.jpg,16.png
Te-me_0168.jpg,17.png
Te-me_0169.jpg,17.png
Te-me_0170.jpg,20.png
Te-me_0171.jpg,24.png
Te-me_0172.jpg,23.png
Te-me_0173.jpg,09.png
Te-me_0174.jpg,15.png
Te-me_0175.jpg,05.png
Te-me_0176.jpg,09.png
Te-me_0177.jpg,07.png
Te-me_0178.jpg,18.png
Te-me_0179.jpg,07.png
Te-me_0180.jpg,25.png
Te-me_0181.jpg,21.png
Te-me_0182.jpg,25.png
Te-me_0183.jpg,13.png
Te-me_0184.jpg,21.png
Te-me_0185.jpg,09.png
Te-me_0186.jpg,09.png
Te-me_0187.jpg,12.png
Te-me_0188.jpg,07.png
Te-me_0189.jpg,19.png
Te-me_0190.jpg,09.png
Te-me_0191.jpg,24.png
Te-me_0192.jpg,16.png
Te-me_0193.jpg,10.png
Te-me_0194.jpg,16.png
Te-me_0195.jpg,03.png
Te-me_0196.jpg,13.png
Te-me_0197.jpg,11.png
Te-me_0198.jpg,20.png
Te-me_0199.jpg,20.png
Te-me_0200.jpg,14.png
Te-me_0201.jpg,14.png
Te-me_0202.jpg,18.png
Te-me_0203.jpg,05.png
Te-me_0204.jpg,22.png
Te-me_0205.jpg,23.png
Te-me_0206.jpg,18.png
Te-me_0207.jpg,19.png
Te-me_0208.jpg,10.png
Te-me_0209.jpg,23.png
Te-me_0210.jpg,10.png
Te-me_0211.jpg,04.png
Te-me_0212.jpg,09.png
Te-me_0213.jpg,13.png
Te-me_0214.jpg,16.png
Te-me_0215.jpg,23.png
Te-me_0216.jpg,22.png
Te-me_0217.jpg,12.png
Te-me_0218.jpg,17.png
Te-me_0219.jpg,08.png
Te-me_0220.jpg,13.png
Te-me_0221.jpg,05.png
Te-me_0222.jpg,20.png
Te-me_0223.jpg,13.png
Te-me_0224.jpg,20.png
Te-me_0225.jpg,11.png
Te-me_0226.jpg,22.png
Te-me_0227.jpg,02.png
Te-me_0228.jpg,07.png
Te-me_0229.jpg,07.png
Te-me_0230.jpg,22.png
Te-me_0231.jpg,02.png
Te-me_0232.jpg,22.png
Te-me_0233.jpg,13.png
Te-me_0234.jpg,14.png
Te-me_0235.jpg,13.png
Te-me_0236.jpg,11.png
Te-me_0237.jpg,04.png
Te-me_0238.jpg,07.png
Te-me_0239.jpg,24.png
Te-me_0240.jpg,03.png
Te-me_0241.jpg,17.png
Te-me_0242.jpg,03.png
Te-me_0243.jpg,16.png
Te-me_0244.jpg,16.png
Te-me_0245.jpg,18.png
Te-me_0246.jpg,07.png
Te-me_0247.jpg,16.png
Te-me_0248.jpg,21.png
Te-me_0249.jpg,18.png
Te-me_0250.jpg,17.png
Te-me_0251.jpg,09.png
Te-me_0252.jpg,14.png
Te-me_0253.jpg,07.png
Te-me_0254.jpg,17.png
Te-me_0255.jpg,11.png
Te-me_0256.jpg,17.png
Te-me_0257.jpg,06.png
Te-me_0258.jpg,19.png
Te-me_0259.jpg,09.png
Te-me_0260.jpg,06.png
Te-me_0261.jpg,19.png
Te-me_0262.jpg,13.png
Te-me_0263.jpg,20.png
Te-me_0264.jpg,14.png
Te-me_0265.jpg,25.png
Te-me_0266.jpg,15.png
Te-me_0267.jpg,23.png
Te-me_0268.jpg,06.png
Te-me_0269.jpg,03.png
Te-me_0270.jpg,16.png
Te-me_0271.jpg,19.png
Te-me_0272.jpg,03.png
Te-me_0273.jpg,06.png
Te-me_0274.jpg,13.png
Te-me_0275.jpg,17.png
Te-me_0276.jpg,13.png
Te-me_0277.jpg,22.png
Te-me_0278.jpg,22.png
Te-me_0279.jpg,04.png
Te-me_0280.jpg,12.png
Te-me_0281.jpg,24.png
Te-me_0282.jpg,08.png
Te-me_0283.jpg,20.png
Te-me_0284.jpg,21.png
Te-me_0285.jpg,10.png
Te-me_0286.jpg,05.png
Te-me_0287.jpg,24.png
Te-me_0288.jpg,03.png
Te-me_0289.jpg,10.png
Te-me_0290.jpg,09.png
Te-me_0291.jpg,24.png
Te-me_0292.jpg,11.png
Te-me_0293.jpg,04.png
Te-me_0294.jpg,14.png
Te-me_0295.jpg,11.png
Te-me_0296.jpg,20.png
Te-me_0297.jpg,15.png
Te-me_0298.jpg,21.png
Te-me_0299.jpg,22.png
Te-me_0300.jpg,21.png
Te-me_0301.jpg,03.png
Te-me_0302.jpg,10.png
Te-me_0303.jpg,03.png
Te-me_0304.jpg,11.png
Te-me_0305.jpg,08.png
Te-piTr_0000.jpg,09.png
Te-piTr_0001.jpg,01.png
Te-piTr_0002.jpg,14.png
Te-piTr_0003.jpg,16.png
Te-piTr_0004.jpg,11.png
Te-piTr_0005.jpg,24.png
Te-piTr_0006.jpg,25.png
Te-piTr_0007.jpg,03.png
Te-piTr_0008.jpg,22.png
Te-piTr_0009.jpg,14.png
Te-pi_0010.jpg,04.png
Te-pi_0011.jpg,11.png
Te-pi_0012.jpg,04.png
Te-pi_0013.jpg,04.png
Te-pi_0014.jpg,13.png
Te-pi_0015.jpg,07.png
Te-pi_0016.jpg,16.png
Te-pi_0017.jpg,11.png
Te-pi_0018.jpg,07.png
Te-pi_0019.jpg,09.png
Te-pi_0020.jpg,22.png
Te-pi_0021.jpg,15.png
Te-pi_0022.jpg,15.png
Te-pi_0023.jpg,02.png
Te-pi_0024.jpg,14.png
Te-pi_0025.jpg,11.png
Te-pi_0026.jpg,13.png
Te-pi_0027.jpg,01.png
Te-pi_0028.jpg,12.png
Te-pi_0029.jpg,09.png
Te-pi_0030.jpg,19.png
Te-pi_0031.jpg,17.png
Te-pi_0032.jpg,11.png
Te-pi_0033.jpg,15.png
Te-pi_0034.jpg,13.png
Te-pi_0035.jpg,09.png
Te-pi_0036.jpg,12.png
Te-pi_0037.jpg,01.png
Te-pi_0038.jpg,25.png
Te-pi_0039.jpg,16.png
Te-pi_0040.jpg,08.png
Te-pi_0041.jpg,09.png
Te-pi_0042.jpg,07.png
Te-pi_0043.jpg,11.png
Te-pi_0044.jpg,12.png
Te-pi_0045.jpg,10.png
Te-pi_0046.jpg,06.png
Te-pi_0047.jpg,06.png
Te-pi_0048.jpg,24.png
Te-pi_0049.jpg,09.png
Te-pi_0050.jpg,25.png
Te-pi_0051.jpg,19.png
Te-pi_0052.jpg,07.png
Te-pi_0053.jpg,25.png
Te-pi_0054.jpg,03.png
Te-pi_0055.jpg,06.png
Te-pi_0056.jpg,06.png
Te-pi_0057.jpg,15.png
Te-pi_0058.jpg,10.png
Te-pi_0059.jpg,21.png
Te-pi_0060.jpg,14.png
Te-pi_0061.jpg,08.png
Te-pi_0062.jpg,22.png
Te-pi_0063.jpg,23.png
Te-pi_0064.jpg,18.png
Te-pi_0065.jpg,11.png
Te-pi_0066.jpg,02.png
Te-pi_0067.jpg,16.png
Te-pi_0068.jpg,18.png
Te-pi_0069.jpg,24.png
Te-pi_0070.jpg,15.png
Te-pi_0071.jpg,20.png
Te-pi_0072.jpg,24.png
Te-pi_0073.jpg,08.png
Te-pi_0074.jpg,24.png
Te-pi_0075.jpg,11.png
Te-pi_0076.jpg,04.png
Te-pi_0077.jpg,24.png
Te-pi_0078.jpg,24.png
Te-pi_0079.jpg,15.png
Te-pi_0080.jpg,04.png
Te-pi_0081.jpg,04.png
Te-pi_0082.jpg,01.png
Te-pi_0083.jpg,15.png
Te-pi_0084.jpg,23.png
Te-pi_0085.jpg,02.png
Te-pi_0086.jpg,24.png
Te-pi_0087.jpg,21.png
Te-pi_0088.jpg,24.png
Te-pi_0089.jpg,14.png
Te-pi_0090.jpg,01.png
Te-pi_0091.jpg,02.png
Te-pi_0092.jpg,04.png
Te-pi_0093.jpg,22.png
Te-pi_0094.jpg,12.png
Te-pi_0095.jpg,14.png
Te-pi_0096.jpg,16.png
Te-pi_0097.jpg,19.png
Te-pi_0098.jpg,04.png
Te-pi_0099.jpg,04.png
Te-pi_0100.jpg,20.png
Te-pi_0101.jpg,01.png
Te-pi_0102.jpg,11.png
Te-pi_0103.jpg,06.png
Te-pi_0104.jpg,15.png
Te-pi_0105.jpg,15.png
Te-pi_0106.jpg,23.png
Te-pi_0107.jpg,14.png
Te-pi_0108.jpg,21.png
Te-pi_0109.jpg,15.png
Te-pi_0110.jpg,09.png
Te-pi_0111.jpg,02.png
Te-pi_0112.jpg,06.png
Te-pi_0113.jpg,24.png
Te-pi_0114.jpg,08.png
Te-pi_0115.jpg,16.png
Te-pi_0116.jpg,01.png
Te-pi_0117.jpg,24.png
Te-pi_0118.jpg,02.png
Te-pi_0119.jpg,15.png
Te-pi_0120.jpg,21.png
Te-pi_0121.jpg,15.png
Te-pi_0122.jpg,14.png
Te-pi_0123.jpg,17.png
Te-pi_0124.jpg,22.png
Te-pi_0125.jpg,07.png
Te-pi_0126.jpg,17.png
Te-pi_0127.jpg,01.png
Te-pi_0128.jpg,15.png
Te-pi_0129.jpg,17.png
Te-pi_0130.jpg,06.png
Te-pi_0131.jpg,02.png
Te-pi_0132.jpg,02.png
Te-pi_0133.jpg,10.png
Te-pi_0134.jpg,08.png
Te-pi_0135.jpg,21.png
Te-pi_0136.jpg,14.png
Te-pi_0137.jpg,24.png
Te-pi_0138.jpg,02.png
Te-pi_0139.jpg,25.png
Te-pi_0140.jpg,07.png
Te-pi_0141.jpg,15.png
Te-pi_0142.jpg,07.png
Te-pi_0143.jpg,11.png
Te-pi_0144.jpg,19.png
Te-pi_0145.jpg,20.png
Te-pi_0146.jpg,08.png
Te-pi_0147.jpg,02.png
Te-pi_0148.jpg,17.png
Te-pi_0149.jpg,08.png
Te-pi_0150.jpg,12.png
Te-pi_0151.jpg,24.png
Te-pi_0152.jpg,01.png
Te-pi_0153.jpg,17.png
Te-pi_0154.jpg,07.png
Te-pi_0155.jpg,25.png
Te-pi_0156.jpg,21.png
Te-pi_0157.jpg,07.png
Te-pi_0158.jpg,14.png
Te-pi_0159.jpg,02.png
Te-pi_0160.jpg,22.png
Te-pi_0161.jpg,12.png
Te-pi_0162.jpg,25.png
Te-pi_0163.jpg,19.png
Te-pi_0164.jpg,09.png
Te-pi_0165.jpg,11.png
Te-pi_0166.jpg,20.png
Te-pi_0167.jpg,10.png
Te-pi_0168.jpg,07.png
Te-pi_0169.jpg,23.png
Te-pi_0170.jpg,17.png
Te-pi_0171.jpg,24.png
Te-pi_0172.jpg,21.png
Te-pi_0173.jpg,23.png
Te-pi_0174.jpg,09.png
Te-pi_0175.jpg,19.png
Te-pi_0176.jpg,14.png
Te-pi_0177.jpg,22.png
Te-pi_0178.jpg,04.png
Te-pi_0179.jpg,07.png
Te-pi_0180.jpg,13.png
Te-pi_0181.jpg,18.png
Te-pi_0182.jpg,21.png
Te-pi_0183.jpg,19.png
Te-pi_0184.jpg,11.png
Te-pi_0185.jpg,20.png
Te-pi_0186.jpg,17.png
Te-pi_0187.jpg,16.png
Te-pi_0188.jpg,15.png
Te-pi_0189.jpg,08.png
Te-pi_0190.jpg,16.png
Te-pi_0191.jpg,24.png
Te-pi_0192.jpg,21.png
Te-pi_0193.jpg,19.png
Te-pi_0194.jpg,24.png
Te-pi_0195.jpg,12.png
Te-pi_0196.jpg,02.png
Te-pi_0197.jpg,05.png
Te-pi_0198.jpg,01.png
Te-pi_0199.jpg,10.png
Te-pi_0200.jpg,25.png
Te-pi_0201.jpg,08.png
Te-pi_0202.jpg,03.png
Te-pi_0203.jpg,01.png
Te-pi_0204.jpg,24.png
Te-pi_0205.jpg,19.png
Te-pi_0206.jpg,16.png
Te-pi_0207.jpg,16.png
Te-pi_0208.jpg,24.png
Te-pi_0209.jpg,25.png
Te-pi_0210.jpg,07.png
Te-pi_0211.jpg,04.png
Te-pi_0212.jpg,23.png
Te-pi_0213.jpg,15.png
Te-pi_0214.jpg,01.png
Te-pi_0215.jpg,14.png
Te-pi_0216.jpg,09.png
Te-pi_0217.jpg,09.png
Te-pi_0218.jpg,12.png
Te-pi_0219.jpg,14.png
Te-pi_0220.jpg,04.png
Te-pi_0221.jpg,01.png
Te-pi_0222.jpg,18.png
Te-pi_0223.jpg,12.png
Te-pi_0224.jpg,25.png
Te-pi_0225.jpg,19.png
Te-pi_0226.jpg,02.png
Te-pi_0227.jpg,10.png
Te-pi_0228.jpg,13.png
Te-pi_0229.jpg,09.png
Te-pi_0230.jpg,20.png
Te-pi_0231.jpg,02.png
Te-pi_0232.jpg,07.png
Te-pi_0233.jpg,18.png
Te-pi_0234.jpg,25.png
Te-pi_0235.jpg,17.png
Te-pi_0236.jpg,04.png
Te-pi_0237.jpg,12.png
Te-pi_0238.jpg,05.png
Te-pi_0239.jpg,15.png
Te-pi_0240.jpg,15.png
Te-pi_0241.jpg,09.png
Te-pi_0242.jpg,18.png
Te-pi_0243.jpg,20.png
Te-pi_0244.jpg,15.png
Te-pi_0245.jpg,02.png
Te-pi_0246.jpg,13.png
Te-pi_0247.jpg,19.png
Te-pi_0248.jpg,08.png
Te-pi_0249.jpg,19.png
Te-pi_0250.jpg,10.png
Te-pi_0251.jpg,15.png
Te-pi_0252.jpg,25.png
Te-pi_0253.jpg,23.png
Te-pi_0254.jpg,18.png
Te-pi_0255.jpg,15.png
Te-pi_0256.jpg,17.png
Te-pi_0257.jpg,10.png
Te-pi_0258.jpg,02.png
Te-pi_0259.jpg,09.png
Te-pi_0260.jpg,25.png
Te-pi_0261.jpg,12.png
Te-pi_0262.jpg,01.png
Te-pi_0263.jpg,08.png
Te-pi_0264.jpg,23.png
Te-pi_0265.jpg,22.png
Te-pi_0266.jpg,14.png
Te-pi_0267.jpg,15.png
Te-pi_0268.jpg,18.png
Te-pi_0269.jpg,19.png
Te-pi_0270.jpg,09.png
Te-pi_0271.jpg,02.png
Te-pi_0272.jpg,24.png
Te-pi_0273.jpg,16.png
Te-pi_0274.jpg,17.png
Te-pi_0275.jpg,03.png
Te-pi_0276.jpg,09.png
Te-pi_0277.jpg,06.png
Te-pi_0278.jpg,17.png
Te-pi_0279.jpg,22.png
Te-pi_0280.jpg,07.png
Te-pi_0281.jpg,13.png
Te-pi_0282.jpg,18.png
Te-pi_0283.jpg,01.png
Te-pi_0284.jpg,15.png
Te-pi_0285.jpg,13.png
Te-pi_0286.jpg,19.png
Te-pi_0287.jpg,07.png
Te-pi_0288.jpg,15.png
Te-pi_0289.jpg,06.png
Te-pi_0290.jpg,22.png
Te-pi_0291.jpg,13.png
Te-pi_0292.jpg,10.png
Te-pi_0293.jpg,09.png
Te-pi_0294.jpg,20.png
Te-pi_0295.jpg,01.png
Te-pi_0296.jpg,07.png
Te-pi_0297.jpg,24.png
Te-pi_0298.jpg,05.png
Te-pi_0299.jpg,08.png
